ScientificName	AphiaID	ImageLink	Group
Florenciella	205049	https://roscoff-culture-collection.org/sites/default/files/rcc-pictures/RCC1650.jpg	Actinopteri
Aphia minuta	126868	http://www.ictioterm.es/especies/fotos_auxiliares/L/Aphia_minuta_2_L.jpg	Actinopteri
Setaphyes cimarensis	1433131	https://media.springernature.com/full/springer-static/image/art%3A10.1007%2Fs12526-017-0651-1/MediaObjects/12526_2017_651_Fig3_HTML.gif?as=webp	Allomalorhagida
Paranemonia cinerea	100830	https://www.cibsub.cat/rcs_gene/Paranemonia_cinerea08.jpg	Anthozoa
Paracyathus pulchellus	135163	https://www.mer-littoral.org/05/photos/paracyathus-pulchellus-0m.jpg	Anthozoa
Oikopleura dioica	103407	https://evodevogenomics-unibarcelona.weebly.com/uploads/2/1/9/1/21911022/___2523985.jpg	Appendicularia
Pycnoclavella communis	422931	https://www.mer-littoral.org/32/photos/pycnoclavella-communis-0m.jpg	Ascidiacea
Ascidiella scabra	103719	https://www.marlin.ac.uk/assets/images/marlin/species/web/o_ascsca.jpg	Ascidiacea
Chaetoceros socialis	149123	https://planktonnet.awi.de/repository/rawdata-PlanktonNet2/viewable/alexandra_chaetocerossocialis_mecklenburgbight1_20070527154651_small.jpg	Bacillariophyceae
Chaetoceros densus	149121	https://planktonnet.awi.de/repository/rawdata-PlanktonNet2/viewable/chaetocerosdensus2l_pnw.jpg	Bacillariophyceae
Chaetoceros danicus	149120	http://media.nordicmicroalgae.org/large/Chaetoceros%20danicus_3.jpg	Bacillariophyceae
Chaetoceros didymus	149122	http://media.nordicmicroalgae.org/large/Chaetoceros%20didymus_1.jpg	Bacillariophyceae
Chaetoceros curvisetus	149221	https://planktonnet.awi.de/repository/rawdata-PlanktonNet2/viewable/alexandra_chaetoceros_curvisetus_240909_20091010001003_small.jpg	Bacillariophyceae
Chaetoceros compressus	149129	https://images.marinespecies.org/thumbs/41944_chaetoceros-compressus.jpg?w=700	Bacillariophyceae
Chaetoceros debilis	961758	https://www.eoas.ubc.ca/research/phytoplankton/diatoms/centric/chaetoceros/images/small/C_debilis_40xDIC_ann.jpg	Bacillariophyceae
Chaetoceros eibenii	160521	http://media.nordicmicroalgae.org/large/Chaetoceros%20eibenii_1.jpg	Bacillariophyceae
Cerataulina bergonii	961694	https://upload.wikimedia.org/wikipedia/commons/f/fe/Cerataulina_pelagica.jpg?20081012004840	Bacillariophyceae
Helicotheca tamesis	157440	https://static.inaturalist.org/photos/47756739/large.jpg	Bacillariophyceae
Pleurosigma	149181	http://cfb.unh.edu/phycokey/Choices/Bacillariophyceae/Pennate/biraphes/biraphe_unicells/biraphe_unicells_asymmetric/PLEUROSIGMA/Pleurosigma_02_600x574.jpg	Bacillariophyceae
Guinardia	149111	http://media.nordicmicroalgae.org/large/Guinardia%20flaccida_2.jpg	Bacillariophyceae
Proboscia alata	149168	http://media.nordicmicroalgae.org/large/Proboscia%20alata_4.jpg	Bacillariophyceae
Rhizosolenia delicatula	149114	https://images.marinespecies.org/thumbs/41937_guinardia-delicatula.jpg?w=700	Bacillariophyceae
Rhizosolenia setigera	149115	https://images.marinespecies.org/thumbs/39698_rhizosolenia-setigera.jpg?w=700	Bacillariophyceae
Rhizosolenia semispina	163348	http://media.nordicmicroalgae.org/large/Rhizosolenia%20hebetata%20f.%20semispina_3.jpg	Bacillariophyceae
Rhizosolenia imbricata	149116	https://inaturalist-open-data.s3.amazonaws.com/photos/1328818/large.jpg	Bacillariophyceae
Thalassionema nitzschioides	149093	https://upload.wikimedia.org/wikipedia/commons/4/41/Thalasionema_nitzhioides.jpg	Bacillariophyceae
Skeletonema costatum	149074	https://www.biodiversidadvirtual.org/common/4images/templates/responsive/images/blank.png	Bacillariophyceae
Odontella aurita	149050	https://upload.wikimedia.org/wikipedia/commons/e/e7/Odontella_aurita_cells.jpg	Bacillariophyceae
Caecitellus	103991	https://content.eol.org/data/media/9f/6d/aa/776.27472565.jpg	Bicoecea
Cafeteria	103989	https://roscoff-culture-collection.org/sites/default/files/rcc-pictures/RCC1074.jpg	Bicoecea
Atrina fragilis	146524	https://images.marinespecies.org/thumbs/56687_atrina-fragilis.jpg?w=700	Bivalvia
Penilia avirostris	106272	https://upload.wikimedia.org/wikipedia/commons/3/36/Penilia_avirostris.jpg	Branchiopoda
Pleopis polyphemoides	247981	https://nathistoc.bio.uci.edu/crustacea/Cladocera/Pleopis%20polyphemoides/F07%20Cladoceran1b.jpg	Branchiopoda
Podon intermedius	106276	https://www.aphotomarine.com/images/branchiopoda/branchiopoda_podon_intermedius_16-06-17_1.jpg	Branchiopoda
Pseudevadne tergestina	106278	https://nathistoc.bio.uci.edu/crustacea/Cladocera/Pseudevadne%20tergestina/B04%20Cladoceran1b.jpg	Branchiopoda
Sycon raphanus	132257	https://litoraldegranada.ugr.es/wp-content/uploads/2022/01/Sra1port.jpg	Calcarea
Acartia (Acartia) danae	346026	https://v3.boldsystems.org/pics/OOBKY/OSU2019098-018%2B1573842290.jpg	Copepoda
Acartia	104108	https://sio-legacy.ucsd.edu/zooplanktonguide/sites/default/files/Acartia_negligens_1x3_0.jpg	Copepoda
Euchirella rostrata	104303	https://images.marinespecies.org/thumbs/111098_euchirella-rostrata.jpg?w=700	Copepoda
Haloptilus longicornis	104431	https://images.marinespecies.org/thumbs/111094_haloptilus-longicornis.jpg?w=700	Copepoda
Calanus helgolandicus	104466	https://www.mindenpictures.com/cache/pcache2/80085435.jpg	Copepoda
Calanus	104152	https://earthlingnature.files.wordpress.com/2016/06/calanus_glacialis.jpg	Copepoda
Mesocalanus tenuicornis	104468	https://images.marinespecies.org/thumbs/38206_mesocalanus-tenuicornis.jpg?w=700	Copepoda
Nannocalanus minor	104469	https://www.st.nmfs.noaa.gov/nauplius/media/copepedia/taxa/T4000025/photos/T4000025-002__cpi321-0541__Nannocalanus-minor.jpg	Copepoda
Neocalanus gracilis	104471	https://www.researchgate.net/profile/Billy-Wagey/publication/287562823/figure/fig20/AS:469168395952154@1488869870716/Entire-female-individual-of-Neocalanus-gracilis.png	Copepoda
Candacia bipinnata	104475	https://images.marinespecies.org/thumbs/38055_candacia-bipinnata.jpg?w=700	Copepoda
Candacia simplex	220914	https://v3.boldsystems.org/pics/BMZ/CCDB-23222_%5B12%5D%2B1513247170.jpg	Copepoda
Candacia ethiopica	104478	https://www.st.nmfs.noaa.gov/nauplius/media/copepedia/taxa/T4000717/photos/T4000717-002__cpi111-0002__Candacia-ethiopica.jpg	Copepoda
Candacia armata	104474	https://v3.boldsystems.org/pics/COCLA/COPCLAD_367%2B1480101888.jpg	Copepoda
Candacia	104157	https://images.marinespecies.org/thumbs/38055_candacia-bipinnata.jpg?w=700	Copepoda
Centropages typicus	104499	https://media.collections.yale.edu/thumbnail/ypm/70b45824-b37e-4c76-be95-1e58f172c27d	Copepoda
Centropages hamatus	104496	https://images.marinespecies.org/thumbs/134838_centropages-hamatus.jpg?w=700	Copepoda
Centropages violaceus	104500	https://v3.boldsystems.org/pics/BMZ/CCDB-23222_%5B16%5D%2B1513247676.jpg	Copepoda
Centropages bradyi	104491	https://images.marinespecies.org/thumbs/38062_centropages-bradyi.jpg?w=700	Copepoda
Centropages chierchiae	104494	https://www.st.nmfs.noaa.gov/nauplius/media/copepedia/taxa/T4000306/photos/T4000306-001__cpi150-0010__Centropages-chierchiae.jpg	Copepoda
Centropages	104159	https://www.researchgate.net/profile/Ann-Bucklin/publication/322841332/figure/fig2/AS:1106791526084608@1640891071823/Centropages-typicus-Copepod-https-alchetroncom-Centropages-2143715-W-Photo.jpg	Copepoda
Clausocalanus arcuicornis	104502	http://sio-legacy.ucsd.edu/zooplanktonguide/sites/default/files/Clausocalanus_arcuicornis_1x8.jpg	Copepoda
Clausocalanus furcatus	104503	https://v3.boldsystems.org/pics/BACQ/C01%2B1467496248.jpg	Copepoda
Clausocalanus	104161	https://v3.boldsystems.org/pics/BMZ/CCDB-23222_%5B20%5D%2B1513248121.jpg	Copepoda
Ctenocalanus vanus	104510	https://sio-legacy.ucsd.edu/zooplanktonguide/sites/default/files/Ctenocalanus_vanus_1X6_0.jpg	Copepoda
Pseudocalanus elongatus	104515	https://content.eol.org/data/media/ac/e8/54/539.BNSCP_MT00786_1311359764_jpg.580x360.jpg	Copepoda
Euchaeta marina	104552	https://www.st.nmfs.noaa.gov/nauplius/media/copepedia/taxa/T4000037/photos/T4000037-001__cpi111-0001__Euchaeta-marina.jpg	Copepoda
Lucicutia	104183	https://images.marinespecies.org/thumbs/111103_lucicutia-flavicornis.jpg?w=700	Copepoda
Metridia lucens lucens	850801	https://v3.boldsystems.org/pics/CAISN/BIOUG01717-A05%2B1345232794.jpg	Copepoda
Pleuromamma abdominalis abdominalis	596242	https://planktonocean.files.wordpress.com/2022/05/pleuromamma_abdominalis.jpg	Copepoda
Pleuromamma gracilis gracilis	1436445	https://v3.boldsystems.org/pics/BMZ/CCDB-23222_%5B36%5D%2B1513252706.jpg	Copepoda
Pleuromamma borealis	104638	https://copepodes.obs-banyuls.fr/copepodes_images_grandes/6773.jpg	Copepoda
Pleuromamma gracilis	104639	https://v3.boldsystems.org/pics/BMZ/CCDB-23222_%5B36%5D%2B1513252706.jpg	Copepoda
Pleuromamma	104191	https://atlanticplankton.files.wordpress.com/2014/10/pleuromamma_2_copyright.jpg	Copepoda
Calocalanus pavo	104669	https://images.marinespecies.org/thumbs/40336_calocalanus-pavo.jpg?w=700	Copepoda
Calocalanus	104193	https://images.marinespecies.org/thumbs/38048_calocalanus-styliremis.jpg?w=700	Copepoda
Labidocera wollastoni	104736	https://v3.boldsystems.org/pics/BMZ/CCDB-23222_%5B42%5D%2B1513259589.jpg	Copepoda
Rhincalanus cornutus	104542	https://images.marinespecies.org/thumbs/40513_rhincalanus-cornutus-f.jpg?w=700	Copepoda
Scolecithricella	104229	https://images.marinespecies.org/thumbs/40515_scolecithricella-minor-m.jpg?w=700	Copepoda
Scolecithrix danae	104821	http://www.intranet.biologia.ufrj.br/lizi/cat.zoo/Copepoda/Calanoida/Scolecithrix-danae/Femea/vista-lateral.jpg	Copepoda
Subeucalanus crassus	104544	https://v3.boldsystems.org/pics/COCLA/COPCLAD_293%2B1480101888.jpg	Copepoda
Temora longicornis	104878	https://images.marinespecies.org/thumbs/35096_temora-longicornis.jpg?w=700	Copepoda
Temora stylifera	104879	https://upload.wikimedia.org/wikipedia/commons/thumb/9/9a/Temora_stylifera_%28YPM_IZ_101459%29.jpeg/1024px-Temora_stylifera_%28YPM_IZ_101459%29.jpeg	Copepoda
Corycaeus	128634	https://www.researchgate.net/profile/Jonah-Van-Beijnen/publication/317663537/figure/fig16/AS:667647788216326@1536191045373/A-Calanoid-copepod-Corycaeus-speciosus-preferred-live-feed-of-PBT-larvae-Slotwinski.png	Copepoda
Farranula rostrata	128814	https://copepodes.obs-banyuls.fr/copepodes_images_grandes/18692.jpg	Copepoda
Oithona nana	106651	https://www.researchgate.net/profile/Irina-Prusova/publication/233793652/figure/fig27/AS:669574215258115@1536650341071/Oithona-nana-Female-a-dorsal-view-b-lateral-view.png	Copepoda
Oithona	106485	https://www.st.nmfs.noaa.gov/nauplius/media/copepedia/taxa/T4000335/photos/T4000335-001__cpi150-0010__Oithona-fallax.jpg	Copepoda
Oncaea	128690	https://www.st.nmfs.noaa.gov/nauplius/media/copepedia/taxa/T4000008/photos/T4000008-001__cpi150-0010__Oncaea.jpg	Copepoda
Sapphirina nigromaculata	129053	https://copepodes.obs-banyuls.fr/copepodes_images_grandes/12995.jpg	Copepoda
Sapphirina	128722	https://sio-legacy.ucsd.edu/zooplanktonguide/sites/default/files/Saphirina_0.5x2_black_male.jpg	Copepoda
Euterpina acutifrons	116162	https://www.researchgate.net/profile/Faiza-Al-Yamani/publication/334119878/figure/fig32/AS:775410061152260@1561883573786/Euterpina-acutifrons-Female-a-dorsal-view-b-lateral-view.png	Copepoda
Harpacticoida	1102	https://upload.wikimedia.org/wikipedia/commons/7/7c/Harpacticoid_copepod_GLERL_1.jpg	Copepoda
Leucocryptos	17651	https://www.iopan.gda.pl/~wiktor/MAriclim/taxa/images/59.jpg	Cryptophyta incertae sedis
Chroococcales	146543	https://upload.wikimedia.org/wikipedia/commons/4/4c/SAG_36.85_Chroococcus_turgidus_SWES6wk_ML_160818_0017_ovl.jpg	Cyanophyceae
Pseudopedinella	160599	http://media.nordicmicroalgae.org/large/Pseudopedinella_3.jpg	Dictyochophyceae
Amphidinium operculatum	109745	https://content.eol.org/data/media/9f/6a/68/776.27471730.580x360.jpg	Dinophyceae
Amphidinium	109473	http://blog.coralwonders.com/wp-content/uploads/2018/04/amphidinium.jpg	Dinophyceae
Blastodinium	562641	https://www.researchgate.net/profile/Alf-Skovgaard/publication/230843856/figure/fig10/AS:271798260465705@1441813163637/Blastodinium-sp-in-Euchaeta-sp-from-the-Atlantic-Ocean-A-C-Parasites-inside-their.png	Dinophyceae
Haplozoon	562650	https://upload.wikimedia.org/wikipedia/commons/thumb/e/ea/Haplozoon_axiothellae.tif/lossy-page1-629px-Haplozoon_axiothellae.tif.jpg	Dinophyceae
Azadinium	391508	https://images.marinespecies.org/thumbs/30405_azadinium-spinosum-lm-provided-by-urban-tillmann.jpg?w=700	Dinophyceae
Amphisolenia	109459	https://www.st.nmfs.noaa.gov/nauplius/media/copepedia/taxa/T2000599/photos/T2000599-001__cpi507-0517__Amphisolenia-bidentata.jpg	Dinophyceae
Dinophysis sacculus	232261	https://planktonnet.awi.de/repository/rawdata-PlanktonNet2/viewable/maria_antnia_sampayo_dinophysis_sacculus_division_arelho_xxw_20080429115928_small.jpg	Dinophyceae
Dinophysis fortii	109624	https://www.researchgate.net/profile/Beatriz-Reguera/publication/265921462/figure/fig6/AS:441016139423745@1482157849030/Micrografia-contraste-de-interfase-diferencial-400-X-de-Dinophysis-fortii-de-las.png	Dinophyceae
Dinophysis acuminata	109603	https://upload.wikimedia.org/wikipedia/commons/d/d0/Dinophysis_acuminata.jpg	Dinophyceae
Dinophysis caudata	109612	http://media.nordicmicroalgae.org/large/Dinophysis%20caudata_1.jpg	Dinophyceae
Dinophysis	109462	https://upload.wikimedia.org/wikipedia/commons/0/0e/Dinophysis_acuta.jpg	Dinophyceae
Ornithocercus	109464	https://upload.wikimedia.org/wikipedia/commons/thumb/0/09/Ornithocercus_heteroporus_%28probably%29.jpg/800px-Ornithocercus_heteroporus_%28probably%29.jpg	Dinophyceae
Sinophysis	109467	https://content.eol.org/data/media/9f/75/f7/776.27474690.580x360.jpg	Dinophyceae
Tripos teres	1381154	https://planktonnet.awi.de/repository/rawdata-PlanktonNet2/viewable/alexandra_ceratium_teres_c_ps95_022_n_20m_20170807141217_small.jpg	Dinophyceae
Tripos carriensis	837448	http://bdi.conabio.gob.mx/fotoweb/cache/5004/Otros%20Archivos/Microorganismos/KEL0445%20Tripos%20carriensis%20var.%20volans.t52d4244c.m1200.wConabioCornerCopy.jpg.xsJyC6ygserC-Rktwb_wF647Le7cdCP-OB0QU3Wk7rYw.JPG	Dinophyceae
Tripos extensus	837460	https://planktonnet.awi.de/repository/rawdata-PlanktonNet2/viewable/alexandra_cer_ext2_ps95_009_20m_20160215221600_small.jpg	Dinophyceae
Tripos longissimus	837228	https://content.eol.org/data/media/9f/73/06/776.27473937.580x360.jpg	Dinophyceae
Ceratiaceae	109421	https://upload.wikimedia.org/wikipedia/commons/8/89/Ceratium_furca.jpg	Dinophyceae
Ceratocorys	109507	https://planktonnet.awi.de/repository/rawdata-PlanktonNet2/viewable/alexandra_cerat_horr_a1_ps95_022_n_20m_20170807131234_small.jpg	Dinophyceae
Cladopyxis	109509	https://content.eol.org/data/media/8f/02/14/604.27948425.jpg	Dinophyceae
Palaeophalacroma unicinctum	233359	http://bdi.conabio.gob.mx/fotoweb/cache/5004/Otros%20Archivos/Microorganismos/JSP173%20Palaeophalacroma%20unicinctum.t51702d24.m600.wConabioCornerCopy.jpg.xsdV8JK5c1bs1PmQCTJ7ulhGMefZ5c7X91vt-EuB8540.JPG	Dinophyceae
Amylax triacantha	110007	http://media.nordicmicroalgae.org/large/Amylax%20triacantha_3.jpg	Dinophyceae
Gonyaulax	109519	http://media.nordicmicroalgae.org/large/Gonyaulax%20spinifera_1.jpg	Dinophyceae
Lingulodinium polyedra	233592	https://upload.wikimedia.org/wikipedia/commons/9/99/Lingulodinium_polyedrum.jpg	Dinophyceae
Alexandrium leei	109710	https://www.researchgate.net/profile/Chui-Pin-Leaw/publication/299202850/figure/fig5/AS:391356137656327@1470317982522/Alexandrium-leei-from-Aman-Island-A-a-roundish-vegetative-cell-with-conical-epitheca.png	Dinophyceae
Alexandrium catenella	231873	https://images.marinespecies.org/thumbs/33859_alexandrium-catenella.jpg?w=700	Dinophyceae
Alexandrium taylorii	614599	https://content.eol.org/data/media/91/29/f4/670.23097517.jpg	Dinophyceae
Alexandrium tamarense	109714	http://bioweb.uwlax.edu/bio203/s2013/hoessel_lind/Alexandrium%20tamarense.gif	Dinophyceae
Ostreopsis	109524	https://upload.wikimedia.org/wikipedia/commons/5/50/Ostreopsis_cf_ovata.jpg	Dinophyceae
Karenia mikimotoi	233024	https://cdn.coastalscience.noaa.gov/csmedia/2020/05/Vandersea.5-K.-mikimotoi-coler.jpg	Dinophyceae
Akashiwo	231787	http://media.nordicmicroalgae.org/large/Akashiwo%20sanguinea_1.jpg	Dinophyceae
Cochlodinium	109474	https://www.researchgate.net/profile/Ismael-Garate-Lizarraga/publication/261532403/figure/fig1/AS:614113566810117@1523427492522/Light-microphotographs-of-Cochlodinium-fulvescens-Cochlodinium-faurei-Cochlodinium.png	Dinophyceae
Cochlodinium	109474	https://images.marinespecies.org/thumbs/25990_cochlodinium-polykrikoides.jpg?w=700	Dinophyceae
Gymnodinium catenatum	109784	https://www.researchgate.net/profile/Zhun-Li-3/publication/332446307/figure/fig3/AS:750379243409408@1555915761407/Light-micrographs-of-Gymnodinium-catenatum-A-Ventral-view-median-focus-showing-the.png	Dinophyceae
Gymnodinium	109475	https://images.marinespecies.org/thumbs/39683_gymnodinium.jpg?w=700	Dinophyceae
Gyrodinium	109476	https://www.researchgate.net/profile/Esther-Garces-2/publication/274095705/figure/fig4/AS:623346060374016@1525628690119/Light-micrographs-A-B-Gyrodinium-cf-spirale-C-cf-Gyrodinium-undulans-The-arrow.png	Dinophyceae
Gyrodinium	109476	https://upload.wikimedia.org/wikipedia/commons/a/a4/Gyrodinium_spirale.jpg	Dinophyceae
Karlodinium	231789	http://media.nordicmicroalgae.org/large/Karlodinium%20micrum_1.jpg	Dinophyceae
Karlodinium	231789	http://media.nordicmicroalgae.org/large/Karlodinium%20micrum_3.jpg	Dinophyceae
Kofoidinium velleloides	109920	http://www.photomacrography.net/forum/userpix/632_IMGP7425ForumA_2.jpg	Dinophyceae
Pronoctiluca pelagica	109903	https://planktonnet.awi.de/repository/rawdata-PlanktonNet2/viewable/lartuz_minisee0008_20091101194730_small.jpg	Dinophyceae
Pronoctiluca spinifera	109904	http://file.iocwestpac.org/HABs/Atlas%20of%20Dinoflagellates/noctilcales/4Pspinifera.jpg	Dinophyceae
Heterocapsa rotundata	110152	http://media.nordicmicroalgae.org/large/Heterocapsa%20rotundata_1.jpg	Dinophyceae
Corythodinium	109527	https://www.biol.tsukuba.ac.jp/~algae/PS/Dinophyta/Corythodinium_tesselatum/Corythodinium_tesselatum.jpg	Dinophyceae
Oxytoxum	109528	https://content.eol.org/data/media/8f/00/21/604.27947926.jpg	Dinophyceae
Calciodinellum albatrosianum	233839	https://www.mikrotax.org/images/ntax_non_cocco/Dinophytes/Thoracosphaeraceae/Tangential%20wall/Calciodinellum/Calciodinellum%20albatrosianum/Streng_et_al_2004pl3f-1.JPG	Dinophyceae
Peridinium	109549	https://img.algaebase.org/images/3EE735B10772e03028nYv30DA7A5/Y9Yqmwn6EBBw.jpg	Dinophyceae
Scrippsiella acuminata	1321853	https://images.marinespecies.org/thumbs/40255_scrippsiella-trochoidea.jpg?w=700	Dinophyceae
Scrippsiella operosa	233789	https://ids.si.edu/ids/deliveryService/id/ark:/65665/m32e2400cafc5d4017b26292502e2ade8b/640	Dinophyceae
Scrippsiella trochoidea	110172	http://media.nordicmicroalgae.org/large/Scrippsiella%20trochoidea_5.jpg	Dinophyceae
Scrippsiella regalis	233786	https://www.mikrotax.org/images/ntax_non_cocco/Dinophytes/Thoracosphaeraceae/Tangential%20wall/Scrippsiella/Scrippsiella%20regalis/Streng_et_al_2004pl3f-19.JPG	Dinophyceae
Podolampas	109550	https://planktonnet.awi.de/repository/rawdata-PlanktonNet2/viewable/podolampas_palmipes_1158753933_p_482w.jpg	Dinophyceae
Protoperidinium murray	110236	https://ids.si.edu/ids/deliveryService/id/ark:/65665/m3e81b3427ae284371a615f8861ca77276/640	Dinophyceae
Protoperidinium	109553	http://media.nordicmicroalgae.org/large/Protoperidinium%20pellucidum_1.jpg	Dinophyceae
Prorocentrum mexicanum	231885	http://file.iocwestpac.org/HABs/Atlas%20of%20Dinoflagellates/prorocentrales/11Pmexicanum.jpg	Dinophyceae
Prorocentrum balticum	110293	https://planktonnet.awi.de/repository/rawdata-PlanktonNet2/viewable/prorocentrumbalticum_pnw.jpg	Dinophyceae
Prorocentrum cordatum	232376	https://www.ccap.ac.uk/catalogue/image/cache/catalog/strainImages/image_46_192-600x450.png	Dinophyceae
Prorocentrum dentatum	110298	https://content.eol.org/data/media/ce/3b/2d/537.fea20970ae3f21f92621054c3d22a791.jpg	Dinophyceae
Prorocentrum triestinum	110316	http://media.nordicmicroalgae.org/large/Prorocentrum%20triestinum_1.jpg	Dinophyceae
Prorocentrum	109566	https://www.researchgate.net/profile/Galyna-Terenko/publication/338038217/figure/fig6/AS:837766623526921@1576750536947/dinoflagellates-1-Prorocentrum-micans-2-Prorocentrum-cordatum-3-Heterocapsa.ppm	Dinophyceae
Amoebophrya	109448	https://www.researchgate.net/profile/Lucie-Maranda/publication/230384839/figure/fig3/AS:289380280356908@1446005043406/TEM-of-Amoebophrya-sp-within-Prorocentrum-minimum-The-host-cytoplasm-H-is-relegated.png	Dinophyceae
Thoracosphaera heimii	110277	https://upload.wikimedia.org/wikipedia/commons/thumb/b/b1/Thoracosphaera-heimi2_hg.jpg/1024px-Thoracosphaera-heimi2_hg.jpg	Dinophyceae
Katodinium	109477	https://planktonnet.awi.de/repository/rawdata-PlanktonNet2/viewable/barbara_meyer_rot_katodinium_1_190891_40_20070830162406_small.jpg	Dinophyceae
Echinocyamus pusillus	124273	https://images.marinespecies.org/thumbs/422_echinocyamus-pusillus.jpg?w=700	Echinoidea
Ellobiopsis	562628	https://www.researchgate.net/profile/Antoine-Nowaczyk/publication/26696998/figure/fig1/AS:601648212766723@1520455520958/17-Light-micrographs-of-different-life-cycle-stages-of-Ellobiopsis-chattoni-parasitising.png	Ellobiopsea
Hydrolithon farinosum	145118	http://img.algaebase.org/images/5B7BE95A076ca223CCtOg2A5C344/9gCfet88ks6W.jpg	Florideophyceae
Pneophyllum fragile	145206	https://dryades.units.it/Corallinales/key/foto/37_PNP_FRG/37_4.jpg	Florideophyceae
Predaea pusilla f. alboranensis	553211	https://www.researchgate.net/profile/Antonio-Flores-Moya/publication/230707384/figure/fig3/AS:671525963300878@1537115674535/9-Predaea-pusilla-f-alboranensis-f-nov-light-microscopy-of-squashed-sections.jpg	Florideophyceae
Bittium reticulatum	139054	https://images.marinespecies.org/thumbs/56744_bittium-reticulatum.jpg?w=700	Gastropoda
Cerithiopsis tubercularis	139085	https://images.marinespecies.org/thumbs/51579_cerithiopsis-tubercularis.jpg?w=700	Gastropoda
Retusa truncatula	141138	https://images.marinespecies.org/thumbs/58124_retusa-truncatula.jpg?w=700	Gastropoda
Myosotella myosotis	139673	https://images.marinespecies.org/thumbs/63093_myosotella-myosotis.jpg?w=700	Gastropoda
Melarhaphe neritoides	140266	https://images.marinespecies.org/thumbs/69835_melarhaphe-neritoides.jpg?w=700	Gastropoda
Euspira nitida	151894	https://images.marinespecies.org/thumbs/75667_euspira-nitida.jpg?w=700	Gastropoda
Crisilla semistriata	141280	https://images.marinespecies.org/thumbs/70267_crisilla-semistriata-montagu-1808-specimen-from-canuelo-malaga-spain-actual-size-2-1-mm.jpg?w=700	Gastropoda
Rissoa violacea	141374	https://images.marinespecies.org/thumbs/70226_rissoa-violacea-desmarest-1814specimen-from-genoveses-almeria-spain-actual-size-4-9-mm.jpg?w=700	Gastropoda
Bela nebula	139217	https://images.marinespecies.org/thumbs/65497_bela-nebula.jpg?w=700	Gastropoda
Mangelia attenuata	139265	https://images.marinespecies.org/thumbs/69957_mangelia-attenuata-montagu-1803-specimen-from-la-goulette-tunisia-soft-bottoms-3-4-m-31-03-2010-actual-size-9-9-mm.jpg?w=700	Gastropoda
Ocinebrina aciculata	140407	https://images.marinespecies.org/thumbs/26431_ocinebrina-aciculata-lamarck-1822-specimen-from-benalmadena-s-spain-actual-size-12-mm.jpg?w=700	Gastropoda
Tritia incrassata	876825	https://images.marinespecies.org/thumbs/67846_tritia-incrassata.jpg?w=700	Gastropoda
Cyrillia linearis	1389226	https://images.marinespecies.org/thumbs/139310_cyrillia-linearis.jpg?w=700	Gastropoda
Trapania maculata	140044	https://images.marinespecies.org/thumbs/48732_trapania-maculata.jpg?w=700	Gastropoda
Jujubinus striatus	141815	https://images.marinespecies.org/thumbs/70187_jujubinus-striatus-linnaeus-1758-specimen-from-canuelo-malaga-spain-actual-size-7-1-mm.jpg?w=700	Gastropoda
Jujubinus exasperatus	141807	https://images.marinespecies.org/thumbs/70184_jujubinus-exasperatus-pennant-1777-specimen-from-benalmadena-spain-actual-size-7-8-mm.jpg?w=700	Gastropoda
Noemiamea dolioliformis	140973	https://images.marinespecies.org/thumbs/67971_noemiamea-dolioliformis.jpg?w=700	Gastropoda
Rissoella opalina	141149	https://images.marinespecies.org/thumbs/58210_rissoella-opalina.jpg?w=700	Gastropoda
Tenuitellita iota	1567956	https://ids.si.edu/ids/deliveryService/id/ark:/65665/m33dea9f8aa62b40cc987c9da43f7612be/640	Globothalamea
Beella digitata	113433	https://images.marinespecies.org/thumbs/38441_beella-digitata.jpg?w=700	Globothalamea
Globigerina falconensis	221249	https://images.marinespecies.org/thumbs/38449_globigerina-falconensis.jpg?w=700	Globothalamea
Globigerina bulloides	113434	https://images.marinespecies.org/thumbs/38448_globigerina-bulloides.jpg?w=700	Globothalamea
Globigerinella calida	418106	https://ids.si.edu/ids/deliveryService/id/ark:/65665/m337a732472bbc411d92c7918f6dabd6a9/640	Globothalamea
Globigerinella siphonifera	113440	https://images.marinespecies.org/thumbs/38446_globigerinella-siphonifera.jpg?w=700	Globothalamea
Globigerinoides ruber	113444	https://images.marinespecies.org/thumbs/38443_globigerinoides-ruber.jpg?w=700	Globothalamea
Globigerinoides tenellus	418107	https://www.mikrotax.org/images/pf_cat/G/Globigerinoides/Globigerinoides%20tenella/tenella(G)_USNM6129_holo.jpg	Globothalamea
Globoturborotalita rubescens	113454	https://www.mikrotax.org/images/pf_cenozoic/Globigerinidae/Globoturborotalita/Globoturborotalita%20rubescens/LoeblichTappan%201994%20pl208%2004-6.JPG	Globothalamea
Orbulina universa	113460	https://images.marinespecies.org/thumbs/45227_orbulina-universa.jpg?w=700	Globothalamea
Trilobatus sacculifer	1026286	https://images.marinespecies.org/thumbs/38445_globigerinoides-sacculifer.jpg?w=700	Globothalamea
Turborotalita quinqueloba	113462	https://images.marinespecies.org/thumbs/38453_turborotalita-quinqueloba.jpg?w=700	Globothalamea
Globigerinita glutinata	113464	https://images.marinespecies.org/thumbs/38450_globigerinita-glutinata.jpg?w=700	Globothalamea
Globoconella inflata	1026410	https://images.marinespecies.org/thumbs/38452_globorotalia-inflata.jpg?w=700	Globothalamea
Globorotalia scitula	113452	https://images.marinespecies.org/thumbs/38456_globorotalia-scitula.jpg?w=700	Globothalamea
Globorotalia truncatulinoides	113453	https://images.marinespecies.org/thumbs/38458_globorotalia-truncatulinoides.jpg?w=700	Globothalamea
Neogloboquadrina incompta	113474	https://images.marinespecies.org/thumbs/38542_neogloboquadrina-incompta.jpg?w=700	Globothalamea
Neogloboquadrina pachyderma	113458	https://images.marinespecies.org/thumbs/38537_neogloboquadrina-pachyderma.jpg?w=700	Globothalamea
Neogloboquadrina dutertrei	113473	https://images.marinespecies.org/thumbs/38534_neogloboquadrina-dutertrei.jpg?w=700	Globothalamea
Neogloboquadrina	112202	https://upload.wikimedia.org/wikipedia/commons/thumb/1/18/Neogloboquadrina-pachyderma_hg.jpg/1024px-Neogloboquadrina-pachyderma_hg.jpg	Globothalamea
Herentia hyndmanni	146821	https://www.researchgate.net/profile/Bjoern-Berning/publication/233425001/figure/fig1/AS:299976275054593@1448531325289/Herentia-hyndmanni-Johnston-1847-A-B-PMCRIHB-3c-Ionian-Sea-C-E-F-NHM.png	Gymnolaemata
Solmundella bitentaculata	117267	https://images.marinespecies.org/thumbs/134827_solmundella-bitentaculata-medusa-from-florida-western-atlantic.jpg?w=700	Hydrozoa
Abylopsis tetragona	135403	https://media.collections.yale.edu/thumbnail/ypm/0702056b-4494-438a-ad97-f9b632b20359	Hydrozoa
Agalma elegans	135484	https://upload.wikimedia.org/wikipedia/commons/thumb/a/a7/Agalma_elegans.jpg/1052px-Agalma_elegans.jpg?20170924153701	Hydrozoa
Cordagalma bimaculatum	872583	https://media.collections.yale.edu/thumbnail/ypm/91ecbe43-499b-4f3f-b07f-73d9f7b4e0b2	Hydrozoa
Diphyes dispar	135420	https://images.marinespecies.org/thumbs/38109_diphyes-dispar.jpg?w=700	Hydrozoa
Eudoxoides spiralis	135424	https://images.marinespecies.org/thumbs/38144_eudoxoides-spiralis.jpg?w=700	Hydrozoa
Lensia subtilis	135439	https://www.researchgate.net/profile/Guilherme-Ribeiro-26/publication/304672045/figure/fig10/AS:849059162124288@1579442887339/FIGURES-14-16-14-Lateral-view-of-the-anterior-nectophore-of-Lensia-multicristata-scale.png	Hydrozoa
Muggiaea atlantica	135441	https://planktonnet.awi.de/repository/rawdata-PlanktonNet2/viewable/muggiaeaatlanticaeudoxid_pnw.jpg	Hydrozoa
Sulculeolaria monoica	196553	https://collections.nmnh.si.edu/media/?i=15145679&width=1200	Hydrozoa
Rhynchomonas	146161	https://content.eol.org/data/media/9f/88/b7/776.27479491.jpg	Kinetoplastea
Neobodo	1535025	https://inaturalist-open-data.s3.amazonaws.com/photos/56599831/medium.jpg	Kinetoplastea
Lacrymaria olor	417338	https://upload.wikimedia.org/wikipedia/commons/thumb/d/d4/Lacrymaria_olor_-_160x_%2813465052303%29.jpg/800px-Lacrymaria_olor_-_160x_%2813465052303%29.jpg	Litostomatea
Litonotus paracygnus	426641	https://inaturalist-open-data.s3.amazonaws.com/photos/131509556/medium.png	Litostomatea
Ampelisca pseudospinimana	101917	https://serv.biokic.asu.edu/imglib/invertebase/UF/00052/93ea9af1-5041-4372-84f4-d99bc9_1587784757_web.jpg	Malacostraca
Ampelisca brevicornis	101891	https://images.marinespecies.org/thumbs/650_ampelisca-brevicornis-costa-1853.png?w=700	Malacostraca
Ampelisca typica	101933	https://upload.wikimedia.org/wikipedia/commons/9/92/Ampelisca_typica.jpg	Malacostraca
Ampelisca diadema	101896	https://v3.boldsystems.org/pics/BNSA/MT03993%2B1345037224.jpg	Malacostraca
Apolochus neapolitanus	236495	https://www.aphotomarine.com/images/prawns_isopoda2/amphipoda_apolochus_neapolitanus_25-07-17_2.jpg	Malacostraca
Ampithoe ramondi	102000	https://content.eol.org/data/media/99/32/f5/84.CalPhotos_4444_4444_0513_2997.jpg	Malacostraca
Biancolina algicola	102068	https://old.lefo.ro/iwlearn/bsein/redbook/img/biancol.gif	Malacostraca
Aora spinicornis	102013	https://www.aphotomarine.com/images/prawns_isopoda2/amphipoda_aora_spinicornis_24-10-18_2.jpg	Malacostraca
Microdeutopus versiculatus	102053	https://upload.wikimedia.org/wikipedia/commons/d/df/Microdeutopus_anomalus_%28male%29.jpg	Malacostraca
Microdeutopus gryllotalpa	102048	https://www.aphotomarine.com/images/prawns_isopoda2/amphipoda_microdeutopus_gryllotalpa_05-10-18_3.jpg	Malacostraca
Microdeutopus chelifer	102046	https://v3.boldsystems.org/pics/SFAM/SFAM14-004%2B1308335712.jpg	Malacostraca
Perrierella audouiniana	102710	https://v3.boldsystems.org/pics/SWEMA/GNM7462_164Crust18660V%2B1427748254.JPG	Malacostraca
Apherusa ovalipes	102172	https://content.eol.org/data/media/b2/2e/f7/539.SWEMA_GNM7462_28Crust17260V_1425664238_JPG.jpg	Malacostraca
Apherusa vexatrix	102176	https://content.eol.org/data/media/ac/e7/27/539.BNSA_MT03985_1345034838_jpg.jpg	Malacostraca
Apherusa chiereghinii	102162	https://content.eol.org/data/media/ac/e7/27/539.BNSA_MT03985_1345034838_jpg.jpg	Malacostraca
Cheirocratus sundevallii	102798	https://upload.wikimedia.org/wikipedia/commons/thumb/e/ed/Cheirocratus_sundevalli.jpg/1024px-Cheirocratus_sundevalli.jpg	Malacostraca
Leptocheirus hirsutimanus	102036	https://www.researchgate.net/profile/Ton-Van-Haaren/publication/321868341/figure/fig4/AS:572575207170048@1513523975081/Leptocheirus-hirsutimanus-habitus-from-Cleaverbank-in-Dutch-Klaverbank.png	Malacostraca
Monocorophium acherusicum	225814	https://upload.wikimedia.org/wikipedia/commons/thumb/f/f6/Monocorophium_acherusicum_%28YPM_IZ_081301%29.jpeg/1024px-Monocorophium_acherusicum_%28YPM_IZ_081301%29.jpeg	Malacostraca
Monocorophium insidiosum	148592	https://upload.wikimedia.org/wikipedia/commons/d/d2/Monocorophium_insidiosum_%28ventral%29.jpg?20140115144829	Malacostraca
Dexamine spinosa	102135	https://images.marinespecies.org/thumbs/8972_dexamine-spinosa.jpg?w=700	Malacostraca
Dexamine spiniventris	102134	https://content.eol.org/data/media/b2/2f/6e/539.SWEMA_GNM7462_69Crust17617V_1426177604_JPG.jpg	Malacostraca
Tritaeta gibbosa	102141	https://www.aphotomarine.com/images/prawns_isopoda/amphipod_tritaeta_gibbosa_23-04-16_1.jpg	Malacostraca
Eusirus longipes	102202	https://v3.boldsystems.org/pics/HABFA/ZMBN_136695%2B1603463050.JPG	Malacostraca
Iphimedia minuta	102345	https://v3.boldsystems.org/pics/HABFA/ZMBN_130569_l%2B1573758232.jpg	Malacostraca
Ericthonius brasiliensis	102401	https://v3.boldsystems.org/pics/SERCI/Ericthonius_brasiliensis_S2291d0941%2B1538878238.JPG	Malacostraca
Ericthonius punctatus	102408	https://www.aphotomarine.com/images/prawns_isopoda/amphipod_ericthonius_punctatus_29-12-16_1.jpg	Malacostraca
Jassa marmorata	102433	https://www.sealifebase.se/images/species/Jamar_m0.jpg	Malacostraca
Leucothoe spinicarpa	102470	https://www.aphotomarine.com/images/prawns_isopoda2/amphipoda_leucothoe_spinicarpa_20-08-20_1.jpg	Malacostraca
Lysianassa ceratina	102605	https://www.aphotomarine.com/images/prawns_isopoda2/amphipoda_lysianassa_ceratina_06-05-16_1.jpg	Malacostraca
Elasmopus pocillimanus	102804	https://upload.wikimedia.org/wikipedia/commons/thumb/8/87/Elasmopus_levis_%28YPM_IZ_101894%29.jpeg/1280px-Elasmopus_levis_%28YPM_IZ_101894%29.jpeg	Malacostraca
Elasmopus rapax	102805	https://www.aphotomarine.com/images/prawns_isopoda2/amphipoda_elasmopus_rapax_15-06-16_1.jpg	Malacostraca
Maera grossimana	102815	https://www.aphotomarine.com/images/prawns_isopoda2/amphipoda_maera_grossimana_25-09-18_1.jpg	Malacostraca
Othomaera othonis	534781	https://upload.wikimedia.org/wikipedia/commons/e/eb/Othomaera_othonis.jpg	Malacostraca
Abludomelita obtusata	102788	https://upload.wikimedia.org/wikipedia/commons/thumb/f/f2/Abludomelita_obtusata.jpg/800px-Abludomelita_obtusata.jpg	Malacostraca
Abludomelita gladiosa	102787	https://www.aphotomarine.com/images/prawns_isopoda3/amphipoda_abludomelita_gladiosa_20-09-20_1.jpg	Malacostraca
Microprotopus maculatus	102380	https://upload.wikimedia.org/wikipedia/commons/2/24/Microprotopus_maculatus_%28male%29.jpg	Malacostraca
Gammarella fucicola	102811	"https://www.discoverlife.org/IM/I_MWS/1056/640/Gammarella_fucicola,I_MWS105643.jpg"	Malacostraca
Normanion chevreuxi	102629	https://www.researchgate.net/profile/Niamh-Kilgallen/publication/257644712/figure/fig4/AS:392759199453189@1470652498918/Normanion-chevreuxi-Diviacco-Vader-1988-female-25-mm-MSNV-FVP-25-A-habitus.png	Malacostraca
Pereionotus testudo	102954	https://www.aphotomarine.com/images/prawns_isopoda/amphipoda_pereionotus_testudo_25-07-17_1.jpg	Malacostraca
Gammaropsis maculata	102364	https://www.aphotomarine.com/images/prawns_isopoda2/amphipoda_gammaropsis_maculata_10-10-18_1.jpg	Malacostraca
Harpinia crenulata	102963	https://v3.boldsystems.org/pics/AMPNB/ZMBN_104029%2B1425918172.jpg	Malacostraca
Metaphoxus simplex	102984	https://inpn.mnhn.fr/photos/uploads/webtofs/inpn/6/142126.jpg	Malacostraca
Stenothoe gallensis	103163	https://v3.boldsystems.org/pics/ISWIO/B40_MPU%2B1558725182.jpg	Malacostraca
Stenothoe monoculoides	103169	https://www.aphotomarine.com/images/prawns_isopoda3/amphipoda_stenothoe_monoculoides_15-09-20_1.jpg	Malacostraca
Orchomene humilis	102665	https://www.aphotomarine.com/images/prawns_isopoda2/amphipoda_orchomene_humilis_19-12-17_1.jpg	Malacostraca
Tryphosa nana	102748	https://www.aphotomarine.com/images/prawns_isopoda2/amphipoda_tryphosa_nana_22-07-20_1.jpg	Malacostraca
Urothoe intermedia	103232	https://images.marinespecies.org/thumbs/10167_urothoe-sp-antxxiii-8-st-654-3-elephant-island.jpg?w=700	Malacostraca
Bodotria arenosa	110440	https://images.marinespecies.org/thumbs/126911_bodotria-arenosa-leloeuffi-ssp-nov.png?w=700	Malacostraca
Bodotria scorpioides	110445	https://upload.wikimedia.org/wikipedia/commons/thumb/5/58/Bodotria_scorpioides_%28male%29.jpg/1024px-Bodotria_scorpioides_%28male%29.jpg	Malacostraca
Vaunthompsonia cristata	110467	https://upload.wikimedia.org/wikipedia/commons/thumb/1/17/Cumopsis_goodsir%2C_male.jpg/1024px-Cumopsis_goodsir%2C_male.jpg	Malacostraca
Synalpheus gambarelloides	107490	https://inpn.mnhn.fr/photos/uploads/webtofs/inpn/ant/101303.jpg	Malacostraca
Calcinus tubularis	107194	https://www.researchgate.net/profile/Jorge-Goncalves-18/publication/231931089/figure/fig2/AS:300635426705419@1448688479546/Calcinus-tubularis-Linnaeus-1767-left-lateral-view-Female-shield-length-32-mm.png	Malacostraca
Sirpus zariquieyi	107280	https://inpn.mnhn.fr/photos/uploads/webtofs/inpn/ant/101415.jpg	Malacostraca
Aegaeon lacazei	107549	https://litoraldegranada.ugr.es/wp-content/uploads/2018/05/P5040157PORT.jpg	Malacostraca
Diogenes pugilator	107199	https://images.marinespecies.org/thumbs/34498_diogenes-pugilator-roux-1829.jpg?w=700	Malacostraca
Galathea intermedia	107150	https://images.marinespecies.org/thumbs/47692_galathea-intermedia.jpg?w=700	Malacostraca
Hippolyte garciarasoi	107509	https://litoraldegranada.ugr.es/wp-content/uploads/2021/01/Hlongirostrisport.jpg	Malacostraca
Achaeus cranchii	107313	https://www.aphotomarine.com/images/crabs_lobsters/crab_achaeus_cranchii_30-03-17_7.jpg	Malacostraca
Macropodia rostrata	107345	https://images.marinespecies.org/thumbs/47715_macropodia-rostrata.jpg?w=700	Malacostraca
Macropodia linaresi	107341	https://content.eol.org/data/media/b2/2f/04/539.SWEMA_GNM7462_300Crust18996V_1431092056_JPG.jpg	Malacostraca
Jaxea nocturna	107737	https://inpn.mnhn.fr/photos/uploads/webtofs/inpn/ant/100193.jpg	Malacostraca
Latreillia elegans	107265	https://v3.boldsystems.org/pics/MIWAD/UMBergen_MBOWA_brach137_2%2B1368479646.jpg	Malacostraca
Anapagurus hyndmanni	107217	https://static.inaturalist.org/photos/54237736/medium.jpg	Malacostraca
Anapagurus chiroacanthus	107215	https://v3.boldsystems.org/pics/HABFA/ZMBN_136566_l%2B1594391308.JPG	Malacostraca
Anapagurus bicorniger	107213	https://www.researchgate.net/profile/Cengiz-Kocak/publication/236876982/figure/fig3/AS:669100510560269@1536537401511/Anapagurus-bicorniger-CL-252-mm-A-Dorsal-aspect-B-Shield-and-associated.png	Malacostraca
Anapagurus laevis	107218	https://inpn.mnhn.fr/photos/uploads/webtofs/inpn/ant/100696.jpg	Malacostraca
Pagurus prideaux	107239	https://images.marinespecies.org/thumbs/47714_pagurus-prideaux-and-adamsia-carciniopados.jpg?w=700	Malacostraca
Periclimenes scriptus	107633	https://inpn.mnhn.fr/photos/uploads/webtofs/inpn/ant/101073.jpg	Malacostraca
Pandalina profunda	107648	https://v3.boldsystems.org/pics/DECNB/UMBergen_NB_deca84%2B1359560484.JPG	Malacostraca
Nepinnotheres pinnotheres	107469	https://www.researchgate.net/profile/Peter-Castro/publication/285578680/figure/fig4/AS:668644514209799@1536428683344/103-Pinnotheridae-A-Nepinnotheres-pinnotheres-female-in-host-the-ascidian.jpg	Malacostraca
Processa macrophthalma	107687	https://v3.boldsystems.org/pics/MIWAD/UMBergen_MBOWA_shrimp72%2B1377542420.JPG	Malacostraca
Deosergestes henseni	514121	https://onlinelibrary.wiley.com/cms/asset/8b532ac9-9e44-4aa9-9d8e-155f2354683f/ece36643-fig-0001-m.png	Malacostraca
Sergestidae	106731	https://upload.wikimedia.org/wikipedia/en/e/e1/Sergestidshrimp-bbsr-edu-creature-feature.jpeg	Malacostraca
Hymenopenaeus debilis	107117	https://v3.boldsystems.org/pics/CCZ/AB1-DEC6%2B1505837953.jpg	Malacostraca
Astacilla dilatata	295579	https://images.marinespecies.org/thumbs/139605_astacilla-dilatata.jpg?w=700	Malacostraca
Eurydice pulchra	118852	https://upload.wikimedia.org/wikipedia/commons/7/78/Eurydice_pulchra.jpg	Malacostraca
Natatolana borealis	118859	https://v3.boldsystems.org/pics/SWEMA/GNM7462_310Crust19553V%2B1431352640.JPG	Malacostraca
Gnathia dentata	118990	https://static.inaturalist.org/photos/101177468/medium.jpg	Malacostraca
Gnathia maxillaris	118994	https://www.aphotomarine.com/images/prawns_isopoda/isopoda_gnathia_maxillaris_29-05-14_1.jpg	Malacostraca
Cleantis prismatica	119038	https://www.aphotomarine.com/images/prawns_isopoda/isopoda_cleantis_prismatica_05-10-17_1.jpg	Malacostraca
Idotea	118454	https://upload.wikimedia.org/wikipedia/commons/thumb/d/dc/Idotea_pelagica.jpg/1024px-Idotea_pelagica.jpg	Malacostraca
Stenosoma carinata	474858	https://www.researchgate.net/profile/Tuncer-Katagan/publication/45945583/figure/fig4/AS:306109672902658@1449993641221/Cyathura-carinata-Kroyer-1847-a-General-view-b-Head-and-1st-2nd-antennae-TL.png	Malacostraca
Joeropsis brevicornis	118738	https://www.aphotomarine.com/images/prawns_isopoda2/isopoda_joeropsis_brevicornis_brevicornis_17-07-18_3.jpg	Malacostraca
Joeropsis brevicornis brevicornis	119072	https://www.aphotomarine.com/images/prawns_isopoda2/isopoda_joeropsis_brevicornis_brevicornis_17-07-18_2.jpg	Malacostraca
Leptanthura apalpata	118501	https://content.eol.org/data/media/cc/c7/1b/537.be9e0f7bf605b556ea361fd8e2a1380c.jpg	Malacostraca
Paranthura gracilipes	255587	https://content.eol.org/data/media/31/5f/84/18.https___www_inaturalist_org_photos_2601762.jpg	Malacostraca
Cymodoce truncata	118936	https://images.marinespecies.org/thumbs/150804_cymodoce-truncata.jpg?w=700	Malacostraca
Lekanesphaera hookeri	118953	https://images.marinespecies.org/thumbs/8953_lekanesphaera-hookeri.jpg?w=700	Malacostraca
Lophogaster typicus	119936	http://www.alessandrofalleni.com/home/images/sezione_marina/06_CROSTACEI_MISIDACEI-GAMBERI-GALATEE-MAGNIOSE_E_SIMILI/Lophogaster%20Typicus.jpg	Malacostraca
Leptomysis mediterranea	120056	http://www.cotebleue.org/Images/mysismed1.jpg	Malacostraca
Siriella clausii	226375	https://www.aphotomarine.com/images/prawns_isopoda/mysida_siriella_clausii_07-01-17_1.jpg	Malacostraca
Mysida	149668	https://upload.wikimedia.org/wikipedia/commons/2/28/Hemimysis_anomala_GLERL_4.jpg	Malacostraca
Rissoides pallidus	136136	https://www.sealifebase.ca/images/species/Ripal_u0.jpg	Malacostraca
Apseudopsis latreillii	247077	https://upload.wikimedia.org/wikipedia/commons/thumb/f/ff/Apseudopsis_latreillii.jpg/1024px-Apseudopsis_latreillii.jpg	Malacostraca
Chondrochelia savignyi	880874	https://media.collections.yale.edu/thumbnail/ypm/be9867cf-d86a-43a1-b044-b425d1c4fd26	Malacostraca
Tanais dulongii	136546	https://www.aphotomarine.com/images/tanaids/tanaid_tanais_dulongii_28-04-18_1.jpg	Malacostraca
Ostreococcus	345496	https://microbewiki.kenyon.edu/images/e/ec/Ostta.jpg	Mamiellophyceae
Micromonas	134533	https://planktonnet.awi.de/repository/rawdata-PlanktonNet2/viewable/fjouenne_sbr-rcc0465-2179-w_20070511175425_w.jpg	Mamiellophyceae
Nitzschia	119270	https://upload.wikimedia.org/wikipedia/commons/e/ea/Nitzschia_sp.jpeg	Monogenea
Paramecium bursaria	426754	https://upload.wikimedia.org/wikipedia/commons/thumb/a/a3/20090719_062218_ParameciumBursaria.jpg/450px-20090719_062218_ParameciumBursaria.jpg	Oligohymenophorea
Zoothamnium pelagicum	196832	https://www.nies.go.jp/chiiki1/protoz/picture/inaki/zoot-264.gif	Oligohymenophorea
Strombidium	101195	http://protist.i.hosei.ac.jp/PDB/Images/Ciliophora/Strombidium/Strombidium.jpg	Oligotrichea
Conchoecia magna	127773	https://images.marinespecies.org/thumbs/117549_conchoecia-magna.jpg?w=700	Ostracoda
Discoconchoecia elegans	127782	https://images.marinespecies.org/thumbs/117406_discoconchoecia-elegans.jpg?w=700	Ostracoda
Halocypris	127543	https://images.marinespecies.org/thumbs/117553_halocypris-inflata.jpg?w=700	Ostracoda
Loricoecia loricata	127798	https://images.marinespecies.org/thumbs/108127_loricoecia-loricata-claus-1894.jpg?w=700	Ostracoda
Mikroconchoecia echinulata	127822	https://images.marinespecies.org/thumbs/70052_mikroconchoecia-echinulata.jpg?w=700	Ostracoda
Mikroconchoecia curta	127820	https://images.marinespecies.org/thumbs/108129_mikroconchoecia-curta-s-l-lubbock-1860.jpg?w=700	Ostracoda
Heteronema acus	163739	https://inaturalist-open-data.s3.amazonaws.com/photos/127384650/medium.jpg	Peranemea
Ectocarpus siliculosus	145410	http://img.motorprotein.de/img/species_pict/large/Ectocarpus_siliculosus/	Phaeophyceae
Trithigmostoma cucullulus	427172	https://upload.wikimedia.org/wikipedia/commons/1/17/Trithigmostoma_cucullulus_-_160x_DIC_%288713263833%29.jpg?20150323150815	Phyllopharyngea
Protodorvillea kefersteini	130041	https://www.aphotomarine.com/images/marine_worms/worm_protodorvillea_kefersteini_27-06-17_5.jpg	Polychaeta
Lumbrineriopsis paradoxa	130235	https://serv.biokic.asu.edu/imglib/invertebase/UF/00007/80ec11f0-f855-4786-afce-89c7df_1587788891_web.jpg	Polychaeta
Chrysopetalum debile	129927	https://www.naturamediterraneo.com/Public/data9/paolofon/201511118121_13.jpg	Polychaeta
Lopadorrhynchus uncinatus	130214	https://www.researchgate.net/profile/Fatima-Hernandez-2/publication/320517920/figure/fig3/AS:551436736843782@1508484171906/Figura-5-Familia-Lopadorrhynchidae-A-Maupasia-coeca-barra-de-escala-0-4-mm-B.png	Polychaeta
Maupasia coeca	155417	https://images.marinespecies.org/thumbs/38203_maupasia-caeca.jpg?w=700	Polychaeta
Paralacydonia paradoxa	130545	https://content.eol.org/data/media/ae/dc/61/539.HZPLY_BIOUG06836-F02_1375876162_jpg.jpg	Polychaeta
Malmgrenia ljungmani	152304	https://v3.boldsystems.org/pics/POLNB/ZMBN_125374%2B1543257326.JPG	Polychaeta
Malmgrenia lunulata	155194	https://www.marlin.ac.uk/assets/images/marlin/species/web/o_nsawyer20090705_2.jpg	Polychaeta
Pholoe minuta	130603	https://upload.wikimedia.org/wikipedia/commons/thumb/f/fc/Pholoe_minuta_%28Fabricius_1780%29.jpg/1200px-Pholoe_minuta_%28Fabricius_1780%29.jpg?20171114191551	Polychaeta
Eurysyllis tuberculata	131288	https://www.researchgate.net/profile/Pat-Hutchings/publication/264277172/figure/fig24/AS:668633160220694@1536425976956/Eurysyllis-tuberculata-Ehlers-1864-A-anterior-end-dorsal-view-B-anterior-end.png	Polychaeta
Exogone naidina	327985	https://upload.wikimedia.org/wikipedia/commons/thumb/6/6b/Exogone_naidina.jpg/1920px-Exogone_naidina.jpg	Polychaeta
Exogone verugera	333456	https://v3.boldsystems.org/pics/POLNB/ZMBN_98230%2B1421181524.JPG	Polychaeta
Salvatoria clavata	195986	https://media.collections.yale.edu/thumbnail/ypm/57beae41-973b-48c3-b323-054e37034131	Polychaeta
Sphaerosyllis hystrix	131388	https://www.aphotomarine.com/images/marine_worms2/worm_sphaerosyllis_hystrix_28-04-18_1.jpg	Polychaeta
Sphaerosyllis pirifera	131392	https://v3.boldsystems.org/pics/HZPLY/BIOUG06836-F12%2B1375876850.jpg	Polychaeta
Syllis gerlachi	131432	https://www.researchgate.net/profile/Luigi-Musco/publication/224044562/figure/fig8/AS:393957193338887@1470938122251/Syllis-gerlachi-A-Anterior-end-dorsal-view-B-Anterior-falciger-chaetae-C.png	Polychaeta
Jasmineira caudata	130920	https://v3.boldsystems.org/pics/SKAG/Ann239Jasmineira_caudata%2B1346877654.JPG	Polychaeta
Prionospio multibranchiata	131160	https://v3.boldsystems.org/pics/CABIB/113_AE_2-1%2B1508264994.jpg	Polychaeta
Streblospio benedicti	131191	https://upload.wikimedia.org/wikipedia/commons/thumb/c/c1/Streblospio_benedicti_%28YPM_IZ_080453%29.jpeg/1024px-Streblospio_benedicti_%28YPM_IZ_080453%29.jpeg	Polychaeta
Amage adspersa	129770	https://v3.boldsystems.org/pics/ICBA/ZMBN_143424%2B1644536162.jpg	Polychaeta
Caulleriella bioculata	129944	"https://zenodo.org/api/iiif/v2/76fdcadf-23f2-4de5-a9c5-daae346ce6fc:e7b4d4f8-5ff5-45f4-a733-679e7a57c877:figure.png/full/750,/0/default.png"	Polychaeta
Capitella minima	129879	https://v3.boldsystems.org/pics/ILGEA/RMG082_Capitella_minima%2B1519331774.jpg	Polychaeta
Owenia fusiformis	130544	https://www.marlin.ac.uk/assets/images/marlin/species/web/o_owefus.jpg	Polychaeta
Lygdamis muratus	130861	https://www.sciencesource.com/Assets/V2/ChFTUzFTNTAwMDAwMDAwMDAwMhIPVFIxX1dBVEVSTUFSS0VEGiZcVFIxX1dBVEVSTUFSS0VEXGZcZFw5XGJcU1MyMzc2OTc5LmpwZyIECAEQD0AB~/2OPEBMUKMEQI/0FU94hduWSe6EpCV/SS2376979.jpg	Polychaeta
Leptochiton cancellatus	140201	https://images.marinespecies.org/thumbs/70131_leptochiton-cancellatus-sowerby-1840-specimen-from-calon-almeria-spain-actual-size-5-0-mm.jpg?w=700	Polyplacophora
Phaeocystis pouchetii	115106	https://planktonnet.awi.de/repository/rawdata-PlanktonNet2/viewable/claire_widdicombe__phaeocystis_pouchetii_20130712185941_small.jpg	Prymnesiophyceae
Chrysochromulina	115090	https://upload.wikimedia.org/wikipedia/commons/7/70/HaptonemaChrysochromulinaFL.jpg	Prymnesiophyceae
Prymnesium	160563	http://media.nordicmicroalgae.org/large/Prymnesium%20parvum_1.jpg	Prymnesiophyceae
Chrysaora hysoscella	135304	https://www.researchgate.net/profile/Gerhard-Jarms/publication/227055070/figure/fig2/AS:267675347714055@1440830184217/Chrysaora-hysoscella-Young-polyps-in-different-stages-of-development-2-days-after.png	Scyphozoa
Uronychia setigera	427707	https://www.researchgate.net/profile/Gi-Sik-Min/publication/263623745/figure/fig1/AS:670720786984971@1536923705680/Morphological-characteristics-of-Uronychia-setigera-from-life-A-and-after-protargol.png	Spirotrichea
Holosticha diademata	417289	http://protist.i.hosei.ac.jp/PDB/Images/Ciliophora/Holosticha/sp_1.jpg	Spirotrichea
Telonema	118028	https://planktonnet.awi.de/repository/rawdata-PlanktonNet2/viewable/fjouenne_sbr-rcc0404-2196-w_20070605171314_w.jpg	Telonemea
Derbesia tenuissima	144464	https://cdn.shopify.com/s/files/1/0750/1627/products/2394_20Derbesia_20tenuissima_0aee36be-1cc6-4471-b568-eb4224cd33b0_600x.jpg?v=1571946214	Ulvophyceae
Aspidosiphon (Aspidosiphon) muelleri kovalevskii	410716	https://upload.wikimedia.org/wikipedia/commons/a/a2/Heterocyathus_aequicostatus%2C_Aspidosiphon_muelleri.jpeg	
Onchnesoma steenstrupii steenstrupii	410742	https://v3.boldsystems.org/pics/NBAAV/ZMBN_137304%2B1594911990.jpg	
Apionsoma (Apionsoma) murinae	136077	https://v3.boldsystems.org/pics/BMAR/16-BMACGANE-00067%2B1466212390.JPG	
Bryozoa	146142	https://upload.wikimedia.org/wikipedia/commons/b/b3/Mosdiertje_groot.jpg	
E222		https://es.wikipedia.org/wiki/Chrysophyceae#/media/Archivo:Dinobryon_sp.jpg	
BCB5F14RJ2C02		https://upload.wikimedia.org/wikipedia/commons/a/a1/15_3klein2.jpg	
HE001005.112		https://earthlingnature.files.wordpress.com/2021/08/image-2.png	
D52		https://earthlingnature.files.wordpress.com/2021/08/image-2.png	
Amphibelone		http://gallery.obs-vlfr.fr/gallery2/d/106098-2/AmphibeloneMirumPopofsky1904LiveDec15PtC.jpg	
